Source,Target,Weight
EduardoRFS,TonhoCodes,31
EduardoRFS,devMozao,31
EduardoRFS,AdielSeffrin,86
EduardoRFS,dwtoledo,153
EduardoRFS,WonderWanny,70
EduardoRFS,ProfBrunoLopes,221
EduardoRFS,Kaduzius,159
EduardoRFS,Rychillie,178
EduardoRFS,dunossauro,165
EduardoRFS,clarisse_alvarenga,29
EduardoRFS,RacerXDL,396
EduardoRFS,bug_elseif,162
EduardoRFS,vcwild,56
EduardoRFS,paulorievrs_dev,12
EduardoRFS,GliderSpace,21
EduardoRFS,DevGiordane,48
EduardoRFS,tozeos,0
EduardoRFS,GiordaneOliveira,98
EduardoRFS,isabellalealx,118
EduardoRFS,ChicaoThiago,203
EduardoRFS,pyx_dev,40
EduardoRFS,xTecna,304
EduardoRFS,Tonelive,43
EduardoRFS,DaviBusanello,45
EduardoRFS,edersondeveloper,108
EduardoRFS,Seensh1,4
EduardoRFS,Canturil,182
EduardoRFS,Dininho,171
EduardoRFS,NevascaXD,145
EduardoRFS,CafeCodes,131
EduardoRFS,Cerato_cone,53
EduardoRFS,danielhe4rt,1072
EduardoRFS,CinderelaBugada,108
EduardoRFS,pokemaobr,350
EduardoRFS,PachiCodes,160
EduardoRFS,LuisVonMuller,27
EduardoRFS,levxyca,211
EduardoRFS,kastr0walker,24
EduardoRFS,BitToin,42
EduardoRFS,grandedev,196
EduardoRFS,isabellaherman,508
EduardoRFS,aleDsz,85
EduardoRFS,DornellesTv,59
EduardoRFS,teomewhy,233
EduardoRFS,CodigoFalado,280
EduardoRFS,marcobrunodev,936
EduardoRFS,xDIDAdev,186
EduardoRFS,adorilson,24
EduardoRFS,morgiovanelli,81
EduardoRFS,npxbr,11
EduardoRFS,jp_amis,153
EduardoRFS,rafaballerinii,228
EduardoRFS,julialabs,351
EduardoRFS,little_yuuh,8
EduardoRFS,lluan98,11
EduardoRFS,NadoSeven,18
EduardoRFS,GRSoares,87
EduardoRFS,PaulosmLins,25
EduardoRFS,italojs_,8
EduardoRFS,ChicaoCodes,38
EduardoRFS,Tearing5,79
EduardoRFS,PunkDoDevOps,222
EduardoRFS,primofrances,72
EduardoRFS,purplepizza92,60
TonhoCodes,devMozao,8
TonhoCodes,AdielSeffrin,22
TonhoCodes,dwtoledo,33
TonhoCodes,WonderWanny,12
TonhoCodes,ProfBrunoLopes,52
TonhoCodes,Kaduzius,46
TonhoCodes,Rychillie,13
TonhoCodes,dunossauro,23
TonhoCodes,clarisse_alvarenga,12
TonhoCodes,RacerXDL,23
TonhoCodes,bug_elseif,45
TonhoCodes,vcwild,18
TonhoCodes,paulorievrs_dev,3
TonhoCodes,GliderSpace,4
TonhoCodes,DevGiordane,10
TonhoCodes,tozeos,0
TonhoCodes,GiordaneOliveira,16
TonhoCodes,isabellalealx,42
TonhoCodes,ChicaoThiago,35
TonhoCodes,pyx_dev,14
TonhoCodes,xTecna,35
TonhoCodes,Tonelive,16
TonhoCodes,DaviBusanello,26
TonhoCodes,edersondeveloper,34
TonhoCodes,Seensh1,1
TonhoCodes,Canturil,25
TonhoCodes,Dininho,23
TonhoCodes,NevascaXD,19
TonhoCodes,CafeCodes,38
TonhoCodes,Cerato_cone,16
TonhoCodes,danielhe4rt,28
TonhoCodes,CinderelaBugada,27
TonhoCodes,pokemaobr,48
TonhoCodes,PachiCodes,42
TonhoCodes,LuisVonMuller,7
TonhoCodes,levxyca,40
TonhoCodes,kastr0walker,16
TonhoCodes,BitToin,12
TonhoCodes,grandedev,24
TonhoCodes,isabellaherman,23
TonhoCodes,aleDsz,11
TonhoCodes,DornellesTv,22
TonhoCodes,teomewhy,21
TonhoCodes,CodigoFalado,30
TonhoCodes,marcobrunodev,40
TonhoCodes,xDIDAdev,42
TonhoCodes,adorilson,7
TonhoCodes,morgiovanelli,29
TonhoCodes,npxbr,2
TonhoCodes,jp_amis,21
TonhoCodes,rafaballerinii,18
TonhoCodes,julialabs,46
TonhoCodes,little_yuuh,2
TonhoCodes,lluan98,5
TonhoCodes,NadoSeven,5
TonhoCodes,GRSoares,18
TonhoCodes,PaulosmLins,11
TonhoCodes,italojs_,3
TonhoCodes,ChicaoCodes,16
TonhoCodes,Tearing5,30
TonhoCodes,PunkDoDevOps,43
TonhoCodes,primofrances,22
TonhoCodes,purplepizza92,31
devMozao,AdielSeffrin,13
devMozao,dwtoledo,14
devMozao,WonderWanny,13
devMozao,ProfBrunoLopes,16
devMozao,Kaduzius,14
devMozao,Rychillie,15
devMozao,dunossauro,11
devMozao,clarisse_alvarenga,6
devMozao,RacerXDL,23
devMozao,bug_elseif,15
devMozao,vcwild,10
devMozao,paulorievrs_dev,3
devMozao,GliderSpace,6
devMozao,DevGiordane,9
devMozao,tozeos,0
devMozao,GiordaneOliveira,13
devMozao,isabellalealx,18
devMozao,ChicaoThiago,19
devMozao,pyx_dev,7
devMozao,xTecna,16
devMozao,Tonelive,11
devMozao,DaviBusanello,7
devMozao,edersondeveloper,14
devMozao,Seensh1,2
devMozao,Canturil,16
devMozao,Dininho,14
devMozao,NevascaXD,15
devMozao,CafeCodes,15
devMozao,Cerato_cone,15
devMozao,danielhe4rt,28
devMozao,CinderelaBugada,13
devMozao,pokemaobr,23
devMozao,PachiCodes,18
devMozao,LuisVonMuller,5
devMozao,levxyca,12
devMozao,kastr0walker,4
devMozao,BitToin,11
devMozao,grandedev,20
devMozao,isabellaherman,19
devMozao,aleDsz,7
devMozao,DornellesTv,8
devMozao,teomewhy,14
devMozao,CodigoFalado,15
devMozao,marcobrunodev,26
devMozao,xDIDAdev,18
devMozao,adorilson,3
devMozao,morgiovanelli,10
devMozao,npxbr,3
devMozao,jp_amis,14
devMozao,rafaballerinii,12
devMozao,julialabs,18
devMozao,little_yuuh,3
devMozao,lluan98,6
devMozao,NadoSeven,6
devMozao,GRSoares,11
devMozao,PaulosmLins,9
devMozao,italojs_,2
devMozao,ChicaoCodes,10
devMozao,Tearing5,12
devMozao,PunkDoDevOps,17
devMozao,primofrances,14
devMozao,purplepizza92,11
AdielSeffrin,dwtoledo,69
AdielSeffrin,WonderWanny,15
AdielSeffrin,ProfBrunoLopes,57
AdielSeffrin,Kaduzius,55
AdielSeffrin,Rychillie,20
AdielSeffrin,dunossauro,38
AdielSeffrin,clarisse_alvarenga,19
AdielSeffrin,RacerXDL,37
AdielSeffrin,bug_elseif,58
AdielSeffrin,vcwild,31
AdielSeffrin,paulorievrs_dev,7
AdielSeffrin,GliderSpace,14
AdielSeffrin,DevGiordane,24
AdielSeffrin,tozeos,0
AdielSeffrin,GiordaneOliveira,40
AdielSeffrin,isabellalealx,59
AdielSeffrin,ChicaoThiago,79
AdielSeffrin,pyx_dev,24
AdielSeffrin,xTecna,61
AdielSeffrin,Tonelive,30
AdielSeffrin,DaviBusanello,25
AdielSeffrin,edersondeveloper,42
AdielSeffrin,Seensh1,2
AdielSeffrin,Canturil,82
AdielSeffrin,Dininho,48
AdielSeffrin,NevascaXD,45
AdielSeffrin,CafeCodes,59
AdielSeffrin,Cerato_cone,28
AdielSeffrin,danielhe4rt,70
AdielSeffrin,CinderelaBugada,47
AdielSeffrin,pokemaobr,66
AdielSeffrin,PachiCodes,60
AdielSeffrin,LuisVonMuller,15
AdielSeffrin,levxyca,59
AdielSeffrin,kastr0walker,22
AdielSeffrin,BitToin,23
AdielSeffrin,grandedev,57
AdielSeffrin,isabellaherman,56
AdielSeffrin,aleDsz,18
AdielSeffrin,DornellesTv,30
AdielSeffrin,teomewhy,46
AdielSeffrin,CodigoFalado,47
AdielSeffrin,marcobrunodev,97
AdielSeffrin,xDIDAdev,60
AdielSeffrin,adorilson,12
AdielSeffrin,morgiovanelli,40
AdielSeffrin,npxbr,11
AdielSeffrin,jp_amis,46
AdielSeffrin,rafaballerinii,40
AdielSeffrin,julialabs,66
AdielSeffrin,little_yuuh,6
AdielSeffrin,lluan98,9
AdielSeffrin,NadoSeven,12
AdielSeffrin,GRSoares,33
AdielSeffrin,PaulosmLins,21
AdielSeffrin,italojs_,4
AdielSeffrin,ChicaoCodes,20
AdielSeffrin,Tearing5,44
AdielSeffrin,PunkDoDevOps,56
AdielSeffrin,primofrances,38
AdielSeffrin,purplepizza92,43
dwtoledo,WonderWanny,23
dwtoledo,ProfBrunoLopes,104
dwtoledo,Kaduzius,106
dwtoledo,Rychillie,39
dwtoledo,dunossauro,60
dwtoledo,clarisse_alvarenga,22
dwtoledo,RacerXDL,57
dwtoledo,bug_elseif,90
dwtoledo,vcwild,45
dwtoledo,paulorievrs_dev,8
dwtoledo,GliderSpace,13
dwtoledo,DevGiordane,32
dwtoledo,tozeos,0
dwtoledo,GiordaneOliveira,56
dwtoledo,isabellalealx,70
dwtoledo,ChicaoThiago,107
dwtoledo,pyx_dev,32
dwtoledo,xTecna,117
dwtoledo,Tonelive,34
dwtoledo,DaviBusanello,40
dwtoledo,edersondeveloper,68
dwtoledo,Seensh1,3
dwtoledo,Canturil,96
dwtoledo,Dininho,70
dwtoledo,NevascaXD,57
dwtoledo,CafeCodes,100
dwtoledo,Cerato_cone,32
dwtoledo,danielhe4rt,145
dwtoledo,CinderelaBugada,61
dwtoledo,pokemaobr,132
dwtoledo,PachiCodes,93
dwtoledo,LuisVonMuller,17
dwtoledo,levxyca,92
dwtoledo,kastr0walker,28
dwtoledo,BitToin,30
dwtoledo,grandedev,73
dwtoledo,isabellaherman,102
dwtoledo,aleDsz,19
dwtoledo,DornellesTv,47
dwtoledo,teomewhy,89
dwtoledo,CodigoFalado,94
dwtoledo,marcobrunodev,202
dwtoledo,xDIDAdev,98
dwtoledo,adorilson,19
dwtoledo,morgiovanelli,66
dwtoledo,npxbr,10
dwtoledo,jp_amis,59
dwtoledo,rafaballerinii,70
dwtoledo,julialabs,127
dwtoledo,little_yuuh,7
dwtoledo,lluan98,9
dwtoledo,NadoSeven,13
dwtoledo,GRSoares,43
dwtoledo,PaulosmLins,24
dwtoledo,italojs_,6
dwtoledo,ChicaoCodes,25
dwtoledo,Tearing5,63
dwtoledo,PunkDoDevOps,94
dwtoledo,primofrances,43
dwtoledo,purplepizza92,54
WonderWanny,ProfBrunoLopes,32
WonderWanny,Kaduzius,23
WonderWanny,Rychillie,21
WonderWanny,dunossauro,25
WonderWanny,clarisse_alvarenga,4
WonderWanny,RacerXDL,38
WonderWanny,bug_elseif,30
WonderWanny,vcwild,12
WonderWanny,paulorievrs_dev,5
WonderWanny,GliderSpace,5
WonderWanny,DevGiordane,11
WonderWanny,tozeos,0
WonderWanny,GiordaneOliveira,15
WonderWanny,isabellalealx,26
WonderWanny,ChicaoThiago,25
WonderWanny,pyx_dev,10
WonderWanny,xTecna,29
WonderWanny,Tonelive,11
WonderWanny,DaviBusanello,14
WonderWanny,edersondeveloper,22
WonderWanny,Seensh1,1
WonderWanny,Canturil,19
WonderWanny,Dininho,25
WonderWanny,NevascaXD,16
WonderWanny,CafeCodes,20
WonderWanny,Cerato_cone,15
WonderWanny,danielhe4rt,91
WonderWanny,CinderelaBugada,20
WonderWanny,pokemaobr,40
WonderWanny,PachiCodes,31
WonderWanny,LuisVonMuller,7
WonderWanny,levxyca,38
WonderWanny,kastr0walker,8
WonderWanny,BitToin,10
WonderWanny,grandedev,21
WonderWanny,isabellaherman,53
WonderWanny,aleDsz,14
WonderWanny,DornellesTv,10
WonderWanny,teomewhy,24
WonderWanny,CodigoFalado,30
WonderWanny,marcobrunodev,77
WonderWanny,xDIDAdev,23
WonderWanny,adorilson,6
WonderWanny,morgiovanelli,22
WonderWanny,npxbr,1
WonderWanny,jp_amis,20
WonderWanny,rafaballerinii,31
WonderWanny,julialabs,31
WonderWanny,little_yuuh,4
WonderWanny,lluan98,4
WonderWanny,NadoSeven,5
WonderWanny,GRSoares,14
WonderWanny,PaulosmLins,8
WonderWanny,italojs_,1
WonderWanny,ChicaoCodes,11
WonderWanny,Tearing5,15
WonderWanny,PunkDoDevOps,37
WonderWanny,primofrances,13
WonderWanny,purplepizza92,12
ProfBrunoLopes,Kaduzius,128
ProfBrunoLopes,Rychillie,56
ProfBrunoLopes,dunossauro,128
ProfBrunoLopes,clarisse_alvarenga,27
ProfBrunoLopes,RacerXDL,125
ProfBrunoLopes,bug_elseif,172
ProfBrunoLopes,vcwild,35
ProfBrunoLopes,paulorievrs_dev,8
ProfBrunoLopes,GliderSpace,18
ProfBrunoLopes,DevGiordane,33
ProfBrunoLopes,tozeos,0
ProfBrunoLopes,GiordaneOliveira,58
ProfBrunoLopes,isabellalealx,119
ProfBrunoLopes,ChicaoThiago,104
ProfBrunoLopes,pyx_dev,30
ProfBrunoLopes,xTecna,135
ProfBrunoLopes,Tonelive,38
ProfBrunoLopes,DaviBusanello,53
ProfBrunoLopes,edersondeveloper,84
ProfBrunoLopes,Seensh1,6
ProfBrunoLopes,Canturil,81
ProfBrunoLopes,Dininho,82
ProfBrunoLopes,NevascaXD,69
ProfBrunoLopes,CafeCodes,123
ProfBrunoLopes,Cerato_cone,57
ProfBrunoLopes,danielhe4rt,222
ProfBrunoLopes,CinderelaBugada,91
ProfBrunoLopes,pokemaobr,210
ProfBrunoLopes,PachiCodes,121
ProfBrunoLopes,LuisVonMuller,20
ProfBrunoLopes,levxyca,114
ProfBrunoLopes,kastr0walker,24
ProfBrunoLopes,BitToin,34
ProfBrunoLopes,grandedev,74
ProfBrunoLopes,isabellaherman,141
ProfBrunoLopes,aleDsz,35
ProfBrunoLopes,DornellesTv,61
ProfBrunoLopes,teomewhy,101
ProfBrunoLopes,CodigoFalado,153
ProfBrunoLopes,marcobrunodev,276
ProfBrunoLopes,xDIDAdev,108
ProfBrunoLopes,adorilson,20
ProfBrunoLopes,morgiovanelli,73
ProfBrunoLopes,npxbr,9
ProfBrunoLopes,jp_amis,95
ProfBrunoLopes,rafaballerinii,84
ProfBrunoLopes,julialabs,223
ProfBrunoLopes,little_yuuh,6
ProfBrunoLopes,lluan98,10
ProfBrunoLopes,NadoSeven,15
ProfBrunoLopes,GRSoares,41
ProfBrunoLopes,PaulosmLins,21
ProfBrunoLopes,italojs_,9
ProfBrunoLopes,ChicaoCodes,27
ProfBrunoLopes,Tearing5,76
ProfBrunoLopes,PunkDoDevOps,136
ProfBrunoLopes,primofrances,45
ProfBrunoLopes,purplepizza92,72
Kaduzius,Rychillie,36
Kaduzius,dunossauro,68
Kaduzius,clarisse_alvarenga,28
Kaduzius,RacerXDL,75
Kaduzius,bug_elseif,111
Kaduzius,vcwild,39
Kaduzius,paulorievrs_dev,5
Kaduzius,GliderSpace,14
Kaduzius,DevGiordane,29
Kaduzius,tozeos,0
Kaduzius,GiordaneOliveira,58
Kaduzius,isabellalealx,89
Kaduzius,ChicaoThiago,99
Kaduzius,pyx_dev,32
Kaduzius,xTecna,121
Kaduzius,Tonelive,36
Kaduzius,DaviBusanello,40
Kaduzius,edersondeveloper,64
Kaduzius,Seensh1,4
Kaduzius,Canturil,80
Kaduzius,Dininho,71
Kaduzius,NevascaXD,89
Kaduzius,CafeCodes,104
Kaduzius,Cerato_cone,36
Kaduzius,danielhe4rt,154
Kaduzius,CinderelaBugada,73
Kaduzius,pokemaobr,151
Kaduzius,PachiCodes,102
Kaduzius,LuisVonMuller,17
Kaduzius,levxyca,100
Kaduzius,kastr0walker,28
Kaduzius,BitToin,29
Kaduzius,grandedev,71
Kaduzius,isabellaherman,119
Kaduzius,aleDsz,23
Kaduzius,DornellesTv,66
Kaduzius,teomewhy,85
Kaduzius,CodigoFalado,95
Kaduzius,marcobrunodev,218
Kaduzius,xDIDAdev,114
Kaduzius,adorilson,20
Kaduzius,morgiovanelli,55
Kaduzius,npxbr,10
Kaduzius,jp_amis,66
Kaduzius,rafaballerinii,86
Kaduzius,julialabs,214
Kaduzius,little_yuuh,9
Kaduzius,lluan98,9
Kaduzius,NadoSeven,14
Kaduzius,GRSoares,48
Kaduzius,PaulosmLins,19
Kaduzius,italojs_,7
Kaduzius,ChicaoCodes,27
Kaduzius,Tearing5,92
Kaduzius,PunkDoDevOps,110
Kaduzius,primofrances,49
Kaduzius,purplepizza92,57
Rychillie,dunossauro,29
Rychillie,clarisse_alvarenga,7
Rychillie,RacerXDL,80
Rychillie,bug_elseif,44
Rychillie,vcwild,14
Rychillie,paulorievrs_dev,5
Rychillie,GliderSpace,4
Rychillie,DevGiordane,10
Rychillie,tozeos,0
Rychillie,GiordaneOliveira,29
Rychillie,isabellalealx,37
Rychillie,ChicaoThiago,47
Rychillie,pyx_dev,9
Rychillie,xTecna,47
Rychillie,Tonelive,12
Rychillie,DaviBusanello,15
Rychillie,edersondeveloper,34
Rychillie,Seensh1,2
Rychillie,Canturil,43
Rychillie,Dininho,32
Rychillie,NevascaXD,33
Rychillie,CafeCodes,39
Rychillie,Cerato_cone,14
Rychillie,danielhe4rt,235
Rychillie,CinderelaBugada,35
Rychillie,pokemaobr,79
Rychillie,PachiCodes,36
Rychillie,LuisVonMuller,8
Rychillie,levxyca,51
Rychillie,kastr0walker,7
Rychillie,BitToin,16
Rychillie,grandedev,49
Rychillie,isabellaherman,80
Rychillie,aleDsz,30
Rychillie,DornellesTv,27
Rychillie,teomewhy,43
Rychillie,CodigoFalado,89
Rychillie,marcobrunodev,155
Rychillie,xDIDAdev,39
Rychillie,adorilson,8
Rychillie,morgiovanelli,22
Rychillie,npxbr,0
Rychillie,jp_amis,32
Rychillie,rafaballerinii,46
Rychillie,julialabs,71
Rychillie,little_yuuh,4
Rychillie,lluan98,4
Rychillie,NadoSeven,5
Rychillie,GRSoares,29
Rychillie,PaulosmLins,9
Rychillie,italojs_,2
Rychillie,ChicaoCodes,11
Rychillie,Tearing5,24
Rychillie,PunkDoDevOps,52
Rychillie,primofrances,15
Rychillie,purplepizza92,17
dunossauro,clarisse_alvarenga,15
dunossauro,RacerXDL,90
dunossauro,bug_elseif,93
dunossauro,vcwild,28
dunossauro,paulorievrs_dev,6
dunossauro,GliderSpace,9
dunossauro,DevGiordane,20
dunossauro,tozeos,0
dunossauro,GiordaneOliveira,44
dunossauro,isabellalealx,49
dunossauro,ChicaoThiago,67
dunossauro,pyx_dev,21
dunossauro,xTecna,77
dunossauro,Tonelive,22
dunossauro,DaviBusanello,24
dunossauro,edersondeveloper,38
dunossauro,Seensh1,3
dunossauro,Canturil,53
dunossauro,Dininho,44
dunossauro,NevascaXD,45
dunossauro,CafeCodes,64
dunossauro,Cerato_cone,53
dunossauro,danielhe4rt,157
dunossauro,CinderelaBugada,55
dunossauro,pokemaobr,101
dunossauro,PachiCodes,54
dunossauro,LuisVonMuller,14
dunossauro,levxyca,64
dunossauro,kastr0walker,15
dunossauro,BitToin,20
dunossauro,grandedev,56
dunossauro,isabellaherman,96
dunossauro,aleDsz,23
dunossauro,DornellesTv,26
dunossauro,teomewhy,100
dunossauro,CodigoFalado,110
dunossauro,marcobrunodev,182
dunossauro,xDIDAdev,68
dunossauro,adorilson,19
dunossauro,morgiovanelli,46
dunossauro,npxbr,9
dunossauro,jp_amis,62
dunossauro,rafaballerinii,66
dunossauro,julialabs,107
dunossauro,little_yuuh,5
dunossauro,lluan98,9
dunossauro,NadoSeven,9
dunossauro,GRSoares,27
dunossauro,PaulosmLins,18
dunossauro,italojs_,6
dunossauro,ChicaoCodes,22
dunossauro,Tearing5,42
dunossauro,PunkDoDevOps,84
dunossauro,primofrances,30
dunossauro,purplepizza92,41
clarisse_alvarenga,RacerXDL,20
clarisse_alvarenga,bug_elseif,25
clarisse_alvarenga,vcwild,8
clarisse_alvarenga,paulorievrs_dev,3
clarisse_alvarenga,GliderSpace,9
clarisse_alvarenga,DevGiordane,15
clarisse_alvarenga,tozeos,0
clarisse_alvarenga,GiordaneOliveira,26
clarisse_alvarenga,isabellalealx,27
clarisse_alvarenga,ChicaoThiago,27
clarisse_alvarenga,pyx_dev,14
clarisse_alvarenga,xTecna,19
clarisse_alvarenga,Tonelive,18
clarisse_alvarenga,DaviBusanello,9
clarisse_alvarenga,edersondeveloper,15
clarisse_alvarenga,Seensh1,3
clarisse_alvarenga,Canturil,23
clarisse_alvarenga,Dininho,20
clarisse_alvarenga,NevascaXD,25
clarisse_alvarenga,CafeCodes,27
clarisse_alvarenga,Cerato_cone,12
clarisse_alvarenga,danielhe4rt,23
clarisse_alvarenga,CinderelaBugada,18
clarisse_alvarenga,pokemaobr,28
clarisse_alvarenga,PachiCodes,28
clarisse_alvarenga,LuisVonMuller,9
clarisse_alvarenga,levxyca,23
clarisse_alvarenga,kastr0walker,9
clarisse_alvarenga,BitToin,15
clarisse_alvarenga,grandedev,23
clarisse_alvarenga,isabellaherman,21
clarisse_alvarenga,aleDsz,11
clarisse_alvarenga,DornellesTv,20
clarisse_alvarenga,teomewhy,22
clarisse_alvarenga,CodigoFalado,19
clarisse_alvarenga,marcobrunodev,36
clarisse_alvarenga,xDIDAdev,26
clarisse_alvarenga,adorilson,10
clarisse_alvarenga,morgiovanelli,15
clarisse_alvarenga,npxbr,7
clarisse_alvarenga,jp_amis,25
clarisse_alvarenga,rafaballerinii,16
clarisse_alvarenga,julialabs,29
clarisse_alvarenga,little_yuuh,1
clarisse_alvarenga,lluan98,6
clarisse_alvarenga,NadoSeven,9
clarisse_alvarenga,GRSoares,21
clarisse_alvarenga,PaulosmLins,6
clarisse_alvarenga,italojs_,7
clarisse_alvarenga,ChicaoCodes,10
clarisse_alvarenga,Tearing5,21
clarisse_alvarenga,PunkDoDevOps,24
clarisse_alvarenga,primofrances,22
clarisse_alvarenga,purplepizza92,22
RacerXDL,bug_elseif,81
RacerXDL,vcwild,22
RacerXDL,paulorievrs_dev,7
RacerXDL,GliderSpace,15
RacerXDL,DevGiordane,25
RacerXDL,tozeos,0
RacerXDL,GiordaneOliveira,38
RacerXDL,isabellalealx,69
RacerXDL,ChicaoThiago,83
RacerXDL,pyx_dev,19
RacerXDL,xTecna,106
RacerXDL,Tonelive,28
RacerXDL,DaviBusanello,23
RacerXDL,edersondeveloper,43
RacerXDL,Seensh1,5
RacerXDL,Canturil,63
RacerXDL,Dininho,86
RacerXDL,NevascaXD,63
RacerXDL,CafeCodes,65
RacerXDL,Cerato_cone,37
RacerXDL,danielhe4rt,410
RacerXDL,CinderelaBugada,66
RacerXDL,pokemaobr,138
RacerXDL,PachiCodes,71
RacerXDL,LuisVonMuller,18
RacerXDL,levxyca,80
RacerXDL,kastr0walker,13
RacerXDL,BitToin,31
RacerXDL,grandedev,76
RacerXDL,isabellaherman,234
RacerXDL,aleDsz,48
RacerXDL,DornellesTv,36
RacerXDL,teomewhy,126
RacerXDL,CodigoFalado,137
RacerXDL,marcobrunodev,303
RacerXDL,xDIDAdev,79
RacerXDL,adorilson,15
RacerXDL,morgiovanelli,38
RacerXDL,npxbr,9
RacerXDL,jp_amis,92
RacerXDL,rafaballerinii,94
RacerXDL,julialabs,189
RacerXDL,little_yuuh,8
RacerXDL,lluan98,10
RacerXDL,NadoSeven,15
RacerXDL,GRSoares,32
RacerXDL,PaulosmLins,15
RacerXDL,italojs_,8
RacerXDL,ChicaoCodes,23
RacerXDL,Tearing5,46
RacerXDL,PunkDoDevOps,113
RacerXDL,primofrances,35
RacerXDL,purplepizza92,37
bug_elseif,vcwild,34
bug_elseif,paulorievrs_dev,6
bug_elseif,GliderSpace,14
bug_elseif,DevGiordane,29
bug_elseif,tozeos,0
bug_elseif,GiordaneOliveira,45
bug_elseif,isabellalealx,100
bug_elseif,ChicaoThiago,97
bug_elseif,pyx_dev,29
bug_elseif,xTecna,121
bug_elseif,Tonelive,32
bug_elseif,DaviBusanello,48
bug_elseif,edersondeveloper,75
bug_elseif,Seensh1,4
bug_elseif,Canturil,72
bug_elseif,Dininho,70
bug_elseif,NevascaXD,65
bug_elseif,CafeCodes,118
bug_elseif,Cerato_cone,43
bug_elseif,danielhe4rt,168
bug_elseif,CinderelaBugada,89
bug_elseif,pokemaobr,174
bug_elseif,PachiCodes,109
bug_elseif,LuisVonMuller,21
bug_elseif,levxyca,105
bug_elseif,kastr0walker,28
bug_elseif,BitToin,31
bug_elseif,grandedev,68
bug_elseif,isabellaherman,118
bug_elseif,aleDsz,26
bug_elseif,DornellesTv,45
bug_elseif,teomewhy,90
bug_elseif,CodigoFalado,111
bug_elseif,marcobrunodev,206
bug_elseif,xDIDAdev,100
bug_elseif,adorilson,21
bug_elseif,morgiovanelli,76
bug_elseif,npxbr,10
bug_elseif,jp_amis,83
bug_elseif,rafaballerinii,84
bug_elseif,julialabs,151
bug_elseif,little_yuuh,7
bug_elseif,lluan98,10
bug_elseif,NadoSeven,15
bug_elseif,GRSoares,41
bug_elseif,PaulosmLins,23
bug_elseif,italojs_,6
bug_elseif,ChicaoCodes,24
bug_elseif,Tearing5,74
bug_elseif,PunkDoDevOps,127
bug_elseif,primofrances,46
bug_elseif,purplepizza92,74
vcwild,paulorievrs_dev,3
vcwild,GliderSpace,6
vcwild,DevGiordane,10
vcwild,tozeos,0
vcwild,GiordaneOliveira,19
vcwild,isabellalealx,33
vcwild,ChicaoThiago,39
vcwild,pyx_dev,15
vcwild,xTecna,35
vcwild,Tonelive,15
vcwild,DaviBusanello,15
vcwild,edersondeveloper,28
vcwild,Seensh1,3
vcwild,Canturil,34
vcwild,Dininho,24
vcwild,NevascaXD,22
vcwild,CafeCodes,40
vcwild,Cerato_cone,20
vcwild,danielhe4rt,44
vcwild,CinderelaBugada,33
vcwild,pokemaobr,38
vcwild,PachiCodes,31
vcwild,LuisVonMuller,6
vcwild,levxyca,35
vcwild,kastr0walker,15
vcwild,BitToin,13
vcwild,grandedev,33
vcwild,isabellaherman,41
vcwild,aleDsz,11
vcwild,DornellesTv,21
vcwild,teomewhy,34
vcwild,CodigoFalado,28
vcwild,marcobrunodev,62
vcwild,xDIDAdev,32
vcwild,adorilson,6
vcwild,morgiovanelli,20
vcwild,npxbr,3
vcwild,jp_amis,31
vcwild,rafaballerinii,24
vcwild,julialabs,48
vcwild,little_yuuh,2
vcwild,lluan98,4
vcwild,NadoSeven,6
vcwild,GRSoares,22
vcwild,PaulosmLins,13
vcwild,italojs_,2
vcwild,ChicaoCodes,12
vcwild,Tearing5,28
vcwild,PunkDoDevOps,37
vcwild,primofrances,21
vcwild,purplepizza92,24
paulorievrs_dev,GliderSpace,2
paulorievrs_dev,DevGiordane,3
paulorievrs_dev,tozeos,0
paulorievrs_dev,GiordaneOliveira,7
paulorievrs_dev,isabellalealx,8
paulorievrs_dev,ChicaoThiago,9
paulorievrs_dev,pyx_dev,7
paulorievrs_dev,xTecna,10
paulorievrs_dev,Tonelive,6
paulorievrs_dev,DaviBusanello,1
paulorievrs_dev,edersondeveloper,7
paulorievrs_dev,Seensh1,1
paulorievrs_dev,Canturil,6
paulorievrs_dev,Dininho,7
paulorievrs_dev,NevascaXD,6
paulorievrs_dev,CafeCodes,6
paulorievrs_dev,Cerato_cone,6
paulorievrs_dev,danielhe4rt,13
paulorievrs_dev,CinderelaBugada,6
paulorievrs_dev,pokemaobr,11
paulorievrs_dev,PachiCodes,7
paulorievrs_dev,LuisVonMuller,4
paulorievrs_dev,levxyca,5
paulorievrs_dev,kastr0walker,3
paulorievrs_dev,BitToin,6
paulorievrs_dev,grandedev,8
paulorievrs_dev,isabellaherman,8
paulorievrs_dev,aleDsz,4
paulorievrs_dev,DornellesTv,3
paulorievrs_dev,teomewhy,9
paulorievrs_dev,CodigoFalado,6
paulorievrs_dev,marcobrunodev,8
paulorievrs_dev,xDIDAdev,7
paulorievrs_dev,adorilson,3
paulorievrs_dev,morgiovanelli,7
paulorievrs_dev,npxbr,2
paulorievrs_dev,jp_amis,6
paulorievrs_dev,rafaballerinii,6
paulorievrs_dev,julialabs,7
paulorievrs_dev,little_yuuh,0
paulorievrs_dev,lluan98,4
paulorievrs_dev,NadoSeven,5
paulorievrs_dev,GRSoares,6
paulorievrs_dev,PaulosmLins,4
paulorievrs_dev,italojs_,1
paulorievrs_dev,ChicaoCodes,3
paulorievrs_dev,Tearing5,4
paulorievrs_dev,PunkDoDevOps,7
paulorievrs_dev,primofrances,5
paulorievrs_dev,purplepizza92,4
GliderSpace,DevGiordane,10
GliderSpace,tozeos,0
GliderSpace,GiordaneOliveira,16
GliderSpace,isabellalealx,15
GliderSpace,ChicaoThiago,16
GliderSpace,pyx_dev,8
GliderSpace,xTecna,11
GliderSpace,Tonelive,15
GliderSpace,DaviBusanello,6
GliderSpace,edersondeveloper,9
GliderSpace,Seensh1,1
GliderSpace,Canturil,16
GliderSpace,Dininho,14
GliderSpace,NevascaXD,16
GliderSpace,CafeCodes,15
GliderSpace,Cerato_cone,12
GliderSpace,danielhe4rt,14
GliderSpace,CinderelaBugada,11
GliderSpace,pokemaobr,15
GliderSpace,PachiCodes,14
GliderSpace,LuisVonMuller,9
GliderSpace,levxyca,9
GliderSpace,kastr0walker,4
GliderSpace,BitToin,12
GliderSpace,grandedev,15
GliderSpace,isabellaherman,16
GliderSpace,aleDsz,7
GliderSpace,DornellesTv,11
GliderSpace,teomewhy,13
GliderSpace,CodigoFalado,12
GliderSpace,marcobrunodev,18
GliderSpace,xDIDAdev,15
GliderSpace,adorilson,6
GliderSpace,morgiovanelli,8
GliderSpace,npxbr,5
GliderSpace,jp_amis,13
GliderSpace,rafaballerinii,8
GliderSpace,julialabs,16
GliderSpace,little_yuuh,0
GliderSpace,lluan98,4
GliderSpace,NadoSeven,5
GliderSpace,GRSoares,11
GliderSpace,PaulosmLins,7
GliderSpace,italojs_,4
GliderSpace,ChicaoCodes,5
GliderSpace,Tearing5,10
GliderSpace,PunkDoDevOps,12
GliderSpace,primofrances,10
GliderSpace,purplepizza92,11
DevGiordane,tozeos,0
DevGiordane,GiordaneOliveira,57
DevGiordane,isabellalealx,25
DevGiordane,ChicaoThiago,38
DevGiordane,pyx_dev,17
DevGiordane,xTecna,32
DevGiordane,Tonelive,25
DevGiordane,DaviBusanello,12
DevGiordane,edersondeveloper,20
DevGiordane,Seensh1,1
DevGiordane,Canturil,37
DevGiordane,Dininho,28
DevGiordane,NevascaXD,24
DevGiordane,CafeCodes,29
DevGiordane,Cerato_cone,22
DevGiordane,danielhe4rt,41
DevGiordane,CinderelaBugada,22
DevGiordane,pokemaobr,44
DevGiordane,PachiCodes,30
DevGiordane,LuisVonMuller,11
DevGiordane,levxyca,22
DevGiordane,kastr0walker,11
DevGiordane,BitToin,16
DevGiordane,grandedev,31
DevGiordane,isabellaherman,34
DevGiordane,aleDsz,9
DevGiordane,DornellesTv,11
DevGiordane,teomewhy,26
DevGiordane,CodigoFalado,26
DevGiordane,marcobrunodev,63
DevGiordane,xDIDAdev,28
DevGiordane,adorilson,9
DevGiordane,morgiovanelli,23
DevGiordane,npxbr,8
DevGiordane,jp_amis,25
DevGiordane,rafaballerinii,19
DevGiordane,julialabs,36
DevGiordane,little_yuuh,2
DevGiordane,lluan98,7
DevGiordane,NadoSeven,9
DevGiordane,GRSoares,18
DevGiordane,PaulosmLins,14
DevGiordane,italojs_,6
DevGiordane,ChicaoCodes,17
DevGiordane,Tearing5,18
DevGiordane,PunkDoDevOps,24
DevGiordane,primofrances,26
DevGiordane,purplepizza92,19
tozeos,GiordaneOliveira,0
tozeos,isabellalealx,0
tozeos,ChicaoThiago,1
tozeos,pyx_dev,0
tozeos,xTecna,0
tozeos,Tonelive,0
tozeos,DaviBusanello,0
tozeos,edersondeveloper,0
tozeos,Seensh1,0
tozeos,Canturil,0
tozeos,Dininho,1
tozeos,NevascaXD,0
tozeos,CafeCodes,0
tozeos,Cerato_cone,0
tozeos,danielhe4rt,0
tozeos,CinderelaBugada,0
tozeos,pokemaobr,0
tozeos,PachiCodes,0
tozeos,LuisVonMuller,0
tozeos,levxyca,1
tozeos,kastr0walker,0
tozeos,BitToin,0
tozeos,grandedev,0
tozeos,isabellaherman,0
tozeos,aleDsz,0
tozeos,DornellesTv,0
tozeos,teomewhy,0
tozeos,CodigoFalado,0
tozeos,marcobrunodev,0
tozeos,xDIDAdev,0
tozeos,adorilson,0
tozeos,morgiovanelli,0
tozeos,npxbr,0
tozeos,jp_amis,0
tozeos,rafaballerinii,0
tozeos,julialabs,0
tozeos,little_yuuh,0
tozeos,lluan98,0
tozeos,NadoSeven,0
tozeos,GRSoares,0
tozeos,PaulosmLins,0
tozeos,italojs_,0
tozeos,ChicaoCodes,0
tozeos,Tearing5,0
tozeos,PunkDoDevOps,0
tozeos,primofrances,1
tozeos,purplepizza92,0
GiordaneOliveira,isabellalealx,44
GiordaneOliveira,ChicaoThiago,64
GiordaneOliveira,pyx_dev,27
GiordaneOliveira,xTecna,59
GiordaneOliveira,Tonelive,32
GiordaneOliveira,DaviBusanello,12
GiordaneOliveira,edersondeveloper,36
GiordaneOliveira,Seensh1,4
GiordaneOliveira,Canturil,62
GiordaneOliveira,Dininho,50
GiordaneOliveira,NevascaXD,43
GiordaneOliveira,CafeCodes,46
GiordaneOliveira,Cerato_cone,32
GiordaneOliveira,danielhe4rt,90
GiordaneOliveira,CinderelaBugada,33
GiordaneOliveira,pokemaobr,72
GiordaneOliveira,PachiCodes,54
GiordaneOliveira,LuisVonMuller,15
GiordaneOliveira,levxyca,44
GiordaneOliveira,kastr0walker,16
GiordaneOliveira,BitToin,26
GiordaneOliveira,grandedev,58
GiordaneOliveira,isabellaherman,61
GiordaneOliveira,aleDsz,17
GiordaneOliveira,DornellesTv,27
GiordaneOliveira,teomewhy,47
GiordaneOliveira,CodigoFalado,46
GiordaneOliveira,marcobrunodev,106
GiordaneOliveira,xDIDAdev,49
GiordaneOliveira,adorilson,14
GiordaneOliveira,morgiovanelli,25
GiordaneOliveira,npxbr,10
GiordaneOliveira,jp_amis,46
GiordaneOliveira,rafaballerinii,30
GiordaneOliveira,julialabs,59
GiordaneOliveira,little_yuuh,3
GiordaneOliveira,lluan98,10
GiordaneOliveira,NadoSeven,13
GiordaneOliveira,GRSoares,34
GiordaneOliveira,PaulosmLins,17
GiordaneOliveira,italojs_,7
GiordaneOliveira,ChicaoCodes,21
GiordaneOliveira,Tearing5,31
GiordaneOliveira,PunkDoDevOps,45
GiordaneOliveira,primofrances,37
GiordaneOliveira,purplepizza92,30
isabellalealx,ChicaoThiago,87
isabellalealx,pyx_dev,25
isabellalealx,xTecna,85
isabellalealx,Tonelive,33
isabellalealx,DaviBusanello,36
isabellalealx,edersondeveloper,60
isabellalealx,Seensh1,4
isabellalealx,Canturil,61
isabellalealx,Dininho,62
isabellalealx,NevascaXD,56
isabellalealx,CafeCodes,82
isabellalealx,Cerato_cone,33
isabellalealx,danielhe4rt,109
isabellalealx,CinderelaBugada,60
isabellalealx,pokemaobr,117
isabellalealx,PachiCodes,90
isabellalealx,LuisVonMuller,17
isabellalealx,levxyca,80
isabellalealx,kastr0walker,27
isabellalealx,BitToin,29
isabellalealx,grandedev,54
isabellalealx,isabellaherman,75
isabellalealx,aleDsz,31
isabellalealx,DornellesTv,46
isabellalealx,teomewhy,65
isabellalealx,CodigoFalado,79
isabellalealx,marcobrunodev,127
isabellalealx,xDIDAdev,90
isabellalealx,adorilson,17
isabellalealx,morgiovanelli,54
isabellalealx,npxbr,11
isabellalealx,jp_amis,55
isabellalealx,rafaballerinii,57
isabellalealx,julialabs,126
isabellalealx,little_yuuh,14
isabellalealx,lluan98,9
isabellalealx,NadoSeven,13
isabellalealx,GRSoares,38
isabellalealx,PaulosmLins,16
isabellalealx,italojs_,8
isabellalealx,ChicaoCodes,23
isabellalealx,Tearing5,61
isabellalealx,PunkDoDevOps,98
isabellalealx,primofrances,40
isabellalealx,purplepizza92,72
ChicaoThiago,pyx_dev,42
ChicaoThiago,xTecna,121
ChicaoThiago,Tonelive,36
ChicaoThiago,DaviBusanello,42
ChicaoThiago,edersondeveloper,89
ChicaoThiago,Seensh1,4
ChicaoThiago,Canturil,113
ChicaoThiago,Dininho,76
ChicaoThiago,NevascaXD,66
ChicaoThiago,CafeCodes,104
ChicaoThiago,Cerato_cone,40
ChicaoThiago,danielhe4rt,189
ChicaoThiago,CinderelaBugada,58
ChicaoThiago,pokemaobr,192
ChicaoThiago,PachiCodes,116
ChicaoThiago,LuisVonMuller,18
ChicaoThiago,levxyca,132
ChicaoThiago,kastr0walker,27
ChicaoThiago,BitToin,34
ChicaoThiago,grandedev,89
ChicaoThiago,isabellaherman,114
ChicaoThiago,aleDsz,30
ChicaoThiago,DornellesTv,46
ChicaoThiago,teomewhy,79
ChicaoThiago,CodigoFalado,94
ChicaoThiago,marcobrunodev,219
ChicaoThiago,xDIDAdev,126
ChicaoThiago,adorilson,16
ChicaoThiago,morgiovanelli,60
ChicaoThiago,npxbr,11
ChicaoThiago,jp_amis,70
ChicaoThiago,rafaballerinii,69
ChicaoThiago,julialabs,132
ChicaoThiago,little_yuuh,8
ChicaoThiago,lluan98,10
ChicaoThiago,NadoSeven,14
ChicaoThiago,GRSoares,58
ChicaoThiago,PaulosmLins,22
ChicaoThiago,italojs_,8
ChicaoThiago,ChicaoCodes,54
ChicaoThiago,Tearing5,63
ChicaoThiago,PunkDoDevOps,116
ChicaoThiago,primofrances,46
ChicaoThiago,purplepizza92,65
pyx_dev,xTecna,26
pyx_dev,Tonelive,17
pyx_dev,DaviBusanello,10
pyx_dev,edersondeveloper,27
pyx_dev,Seensh1,3
pyx_dev,Canturil,30
pyx_dev,Dininho,22
pyx_dev,NevascaXD,25
pyx_dev,CafeCodes,34
pyx_dev,Cerato_cone,22
pyx_dev,danielhe4rt,28
pyx_dev,CinderelaBugada,21
pyx_dev,pokemaobr,42
pyx_dev,PachiCodes,30
pyx_dev,LuisVonMuller,8
pyx_dev,levxyca,29
pyx_dev,kastr0walker,10
pyx_dev,BitToin,16
pyx_dev,grandedev,31
pyx_dev,isabellaherman,26
pyx_dev,aleDsz,9
pyx_dev,DornellesTv,14
pyx_dev,teomewhy,24
pyx_dev,CodigoFalado,24
pyx_dev,marcobrunodev,42
pyx_dev,xDIDAdev,32
pyx_dev,adorilson,5
pyx_dev,morgiovanelli,20
pyx_dev,npxbr,5
pyx_dev,jp_amis,23
pyx_dev,rafaballerinii,21
pyx_dev,julialabs,35
pyx_dev,little_yuuh,1
pyx_dev,lluan98,6
pyx_dev,NadoSeven,8
pyx_dev,GRSoares,18
pyx_dev,PaulosmLins,9
pyx_dev,italojs_,4
pyx_dev,ChicaoCodes,15
pyx_dev,Tearing5,21
pyx_dev,PunkDoDevOps,25
pyx_dev,primofrances,19
pyx_dev,purplepizza92,22
xTecna,Tonelive,29
xTecna,DaviBusanello,36
xTecna,edersondeveloper,75
xTecna,Seensh1,3
xTecna,Canturil,94
xTecna,Dininho,96
xTecna,NevascaXD,72
xTecna,CafeCodes,116
xTecna,Cerato_cone,37
xTecna,danielhe4rt,298
xTecna,CinderelaBugada,60
xTecna,pokemaobr,226
xTecna,PachiCodes,120
xTecna,LuisVonMuller,18
xTecna,levxyca,127
xTecna,kastr0walker,21
xTecna,BitToin,28
xTecna,grandedev,82
xTecna,isabellaherman,210
xTecna,aleDsz,26
xTecna,DornellesTv,43
xTecna,teomewhy,104
xTecna,CodigoFalado,149
xTecna,marcobrunodev,381
xTecna,xDIDAdev,117
xTecna,adorilson,12
xTecna,morgiovanelli,92
xTecna,npxbr,11
xTecna,jp_amis,76
xTecna,rafaballerinii,117
xTecna,julialabs,203
xTecna,little_yuuh,10
xTecna,lluan98,11
xTecna,NadoSeven,14
xTecna,GRSoares,48
xTecna,PaulosmLins,18
xTecna,italojs_,8
xTecna,ChicaoCodes,26
xTecna,Tearing5,93
xTecna,PunkDoDevOps,128
xTecna,primofrances,37
xTecna,purplepizza92,55
Tonelive,DaviBusanello,12
Tonelive,edersondeveloper,27
Tonelive,Seensh1,4
Tonelive,Canturil,40
Tonelive,Dininho,31
Tonelive,NevascaXD,30
Tonelive,CafeCodes,36
Tonelive,Cerato_cone,25
Tonelive,danielhe4rt,39
Tonelive,CinderelaBugada,29
Tonelive,pokemaobr,38
Tonelive,PachiCodes,32
Tonelive,LuisVonMuller,13
Tonelive,levxyca,25
Tonelive,kastr0walker,13
Tonelive,BitToin,24
Tonelive,grandedev,36
Tonelive,isabellaherman,35
Tonelive,aleDsz,12
Tonelive,DornellesTv,21
Tonelive,teomewhy,28
Tonelive,CodigoFalado,30
Tonelive,marcobrunodev,55
Tonelive,xDIDAdev,36
Tonelive,adorilson,12
Tonelive,morgiovanelli,24
Tonelive,npxbr,9
Tonelive,jp_amis,35
Tonelive,rafaballerinii,20
Tonelive,julialabs,41
Tonelive,little_yuuh,3
Tonelive,lluan98,9
Tonelive,NadoSeven,12
Tonelive,GRSoares,22
Tonelive,PaulosmLins,14
Tonelive,italojs_,5
Tonelive,ChicaoCodes,15
Tonelive,Tearing5,25
Tonelive,PunkDoDevOps,27
Tonelive,primofrances,26
Tonelive,purplepizza92,25
DaviBusanello,edersondeveloper,28
DaviBusanello,Seensh1,0
DaviBusanello,Canturil,29
DaviBusanello,Dininho,18
DaviBusanello,NevascaXD,23
DaviBusanello,CafeCodes,37
DaviBusanello,Cerato_cone,17
DaviBusanello,danielhe4rt,40
DaviBusanello,CinderelaBugada,24
DaviBusanello,pokemaobr,62
DaviBusanello,PachiCodes,43
DaviBusanello,LuisVonMuller,8
DaviBusanello,levxyca,50
DaviBusanello,kastr0walker,17
DaviBusanello,BitToin,10
DaviBusanello,grandedev,23
DaviBusanello,isabellaherman,40
DaviBusanello,aleDsz,8
DaviBusanello,DornellesTv,16
DaviBusanello,teomewhy,21
DaviBusanello,CodigoFalado,31
DaviBusanello,marcobrunodev,63
DaviBusanello,xDIDAdev,44
DaviBusanello,adorilson,9
DaviBusanello,morgiovanelli,42
DaviBusanello,npxbr,3
DaviBusanello,jp_amis,20
DaviBusanello,rafaballerinii,28
DaviBusanello,julialabs,48
DaviBusanello,little_yuuh,2
DaviBusanello,lluan98,3
DaviBusanello,NadoSeven,5
DaviBusanello,GRSoares,14
DaviBusanello,PaulosmLins,11
DaviBusanello,italojs_,2
DaviBusanello,ChicaoCodes,17
DaviBusanello,Tearing5,28
DaviBusanello,PunkDoDevOps,50
DaviBusanello,primofrances,20
DaviBusanello,purplepizza92,32
edersondeveloper,Seensh1,3
edersondeveloper,Canturil,61
edersondeveloper,Dininho,49
edersondeveloper,NevascaXD,46
edersondeveloper,CafeCodes,67
edersondeveloper,Cerato_cone,26
edersondeveloper,danielhe4rt,104
edersondeveloper,CinderelaBugada,43
edersondeveloper,pokemaobr,118
edersondeveloper,PachiCodes,78
edersondeveloper,LuisVonMuller,10
edersondeveloper,levxyca,105
edersondeveloper,kastr0walker,16
edersondeveloper,BitToin,26
edersondeveloper,grandedev,63
edersondeveloper,isabellaherman,81
edersondeveloper,aleDsz,17
edersondeveloper,DornellesTv,33
edersondeveloper,teomewhy,48
edersondeveloper,CodigoFalado,65
edersondeveloper,marcobrunodev,110
edersondeveloper,xDIDAdev,73
edersondeveloper,adorilson,14
edersondeveloper,morgiovanelli,44
edersondeveloper,npxbr,2
edersondeveloper,jp_amis,44
edersondeveloper,rafaballerinii,43
edersondeveloper,julialabs,86
edersondeveloper,little_yuuh,4
edersondeveloper,lluan98,6
edersondeveloper,NadoSeven,10
edersondeveloper,GRSoares,38
edersondeveloper,PaulosmLins,15
edersondeveloper,italojs_,5
edersondeveloper,ChicaoCodes,23
edersondeveloper,Tearing5,50
edersondeveloper,PunkDoDevOps,69
edersondeveloper,primofrances,31
edersondeveloper,purplepizza92,43
Seensh1,Canturil,4
Seensh1,Dininho,4
Seensh1,NevascaXD,4
Seensh1,CafeCodes,5
Seensh1,Cerato_cone,3
Seensh1,danielhe4rt,4
Seensh1,CinderelaBugada,3
Seensh1,pokemaobr,4
Seensh1,PachiCodes,4
Seensh1,LuisVonMuller,0
Seensh1,levxyca,4
Seensh1,kastr0walker,1
Seensh1,BitToin,4
Seensh1,grandedev,4
Seensh1,isabellaherman,2
Seensh1,aleDsz,1
Seensh1,DornellesTv,3
Seensh1,teomewhy,4
Seensh1,CodigoFalado,4
Seensh1,marcobrunodev,3
Seensh1,xDIDAdev,4
Seensh1,adorilson,1
Seensh1,morgiovanelli,3
Seensh1,npxbr,1
Seensh1,jp_amis,4
Seensh1,rafaballerinii,3
Seensh1,julialabs,4
Seensh1,little_yuuh,0
Seensh1,lluan98,2
Seensh1,NadoSeven,2
Seensh1,GRSoares,2
Seensh1,PaulosmLins,1
Seensh1,italojs_,1
Seensh1,ChicaoCodes,2
Seensh1,Tearing5,3
Seensh1,PunkDoDevOps,4
Seensh1,primofrances,3
Seensh1,purplepizza92,4
Canturil,Dininho,76
Canturil,NevascaXD,56
Canturil,CafeCodes,74
Canturil,Cerato_cone,37
Canturil,danielhe4rt,155
Canturil,CinderelaBugada,56
Canturil,pokemaobr,123
Canturil,PachiCodes,87
Canturil,LuisVonMuller,17
Canturil,levxyca,89
Canturil,kastr0walker,20
Canturil,BitToin,30
Canturil,grandedev,87
Canturil,isabellaherman,105
Canturil,aleDsz,21
Canturil,DornellesTv,39
Canturil,teomewhy,64
Canturil,CodigoFalado,74
Canturil,marcobrunodev,210
Canturil,xDIDAdev,86
Canturil,adorilson,18
Canturil,morgiovanelli,45
Canturil,npxbr,11
Canturil,jp_amis,66
Canturil,rafaballerinii,62
Canturil,julialabs,96
Canturil,little_yuuh,4
Canturil,lluan98,11
Canturil,NadoSeven,16
Canturil,GRSoares,48
Canturil,PaulosmLins,27
Canturil,italojs_,8
Canturil,ChicaoCodes,28
Canturil,Tearing5,49
Canturil,PunkDoDevOps,72
Canturil,primofrances,50
Canturil,purplepizza92,42
Dininho,NevascaXD,129
Dininho,CafeCodes,62
Dininho,Cerato_cone,33
Dininho,danielhe4rt,183
Dininho,CinderelaBugada,44
Dininho,pokemaobr,124
Dininho,PachiCodes,72
Dininho,LuisVonMuller,16
Dininho,levxyca,71
Dininho,kastr0walker,14
Dininho,BitToin,28
Dininho,grandedev,66
Dininho,isabellaherman,162
Dininho,aleDsz,25
Dininho,DornellesTv,31
Dininho,teomewhy,65
Dininho,CodigoFalado,116
Dininho,marcobrunodev,426
Dininho,xDIDAdev,65
Dininho,adorilson,14
Dininho,morgiovanelli,50
Dininho,npxbr,8
Dininho,jp_amis,57
Dininho,rafaballerinii,92
Dininho,julialabs,142
Dininho,little_yuuh,11
Dininho,lluan98,9
Dininho,NadoSeven,13
Dininho,GRSoares,42
Dininho,PaulosmLins,15
Dininho,italojs_,7
Dininho,ChicaoCodes,21
Dininho,Tearing5,42
Dininho,PunkDoDevOps,61
Dininho,primofrances,38
Dininho,purplepizza92,36
NevascaXD,CafeCodes,53
NevascaXD,Cerato_cone,33
NevascaXD,danielhe4rt,119
NevascaXD,CinderelaBugada,40
NevascaXD,pokemaobr,99
NevascaXD,PachiCodes,59
NevascaXD,LuisVonMuller,16
NevascaXD,levxyca,62
NevascaXD,kastr0walker,18
NevascaXD,BitToin,32
NevascaXD,grandedev,80
NevascaXD,isabellaherman,124
NevascaXD,aleDsz,23
NevascaXD,DornellesTv,33
NevascaXD,teomewhy,48
NevascaXD,CodigoFalado,57
NevascaXD,marcobrunodev,168
NevascaXD,xDIDAdev,65
NevascaXD,adorilson,16
NevascaXD,morgiovanelli,35
NevascaXD,npxbr,10
NevascaXD,jp_amis,67
NevascaXD,rafaballerinii,51
NevascaXD,julialabs,102
NevascaXD,little_yuuh,10
NevascaXD,lluan98,9
NevascaXD,NadoSeven,14
NevascaXD,GRSoares,47
NevascaXD,PaulosmLins,15
NevascaXD,italojs_,7
NevascaXD,ChicaoCodes,20
NevascaXD,Tearing5,38
NevascaXD,PunkDoDevOps,59
NevascaXD,primofrances,48
NevascaXD,purplepizza92,34
CafeCodes,Cerato_cone,43
CafeCodes,danielhe4rt,131
CafeCodes,CinderelaBugada,85
CafeCodes,pokemaobr,122
CafeCodes,PachiCodes,89
CafeCodes,LuisVonMuller,16
CafeCodes,levxyca,89
CafeCodes,kastr0walker,26
CafeCodes,BitToin,29
CafeCodes,grandedev,76
CafeCodes,isabellaherman,104
CafeCodes,aleDsz,23
CafeCodes,DornellesTv,52
CafeCodes,teomewhy,67
CafeCodes,CodigoFalado,84
CafeCodes,marcobrunodev,178
CafeCodes,xDIDAdev,102
CafeCodes,adorilson,16
CafeCodes,morgiovanelli,58
CafeCodes,npxbr,11
CafeCodes,jp_amis,72
CafeCodes,rafaballerinii,70
CafeCodes,julialabs,133
CafeCodes,little_yuuh,8
CafeCodes,lluan98,9
CafeCodes,NadoSeven,13
CafeCodes,GRSoares,43
CafeCodes,PaulosmLins,20
CafeCodes,italojs_,6
CafeCodes,ChicaoCodes,33
CafeCodes,Tearing5,61
CafeCodes,PunkDoDevOps,113
CafeCodes,primofrances,42
CafeCodes,purplepizza92,71
Cerato_cone,danielhe4rt,53
Cerato_cone,CinderelaBugada,41
Cerato_cone,pokemaobr,49
Cerato_cone,PachiCodes,36
Cerato_cone,LuisVonMuller,12
Cerato_cone,levxyca,31
Cerato_cone,kastr0walker,13
Cerato_cone,BitToin,19
Cerato_cone,grandedev,38
Cerato_cone,isabellaherman,43
Cerato_cone,aleDsz,14
Cerato_cone,DornellesTv,22
Cerato_cone,teomewhy,28
Cerato_cone,CodigoFalado,47
Cerato_cone,marcobrunodev,76
Cerato_cone,xDIDAdev,42
Cerato_cone,adorilson,9
Cerato_cone,morgiovanelli,30
Cerato_cone,npxbr,8
Cerato_cone,jp_amis,53
Cerato_cone,rafaballerinii,32
Cerato_cone,julialabs,53
Cerato_cone,little_yuuh,2
Cerato_cone,lluan98,8
Cerato_cone,NadoSeven,12
Cerato_cone,GRSoares,21
Cerato_cone,PaulosmLins,15
Cerato_cone,italojs_,2
Cerato_cone,ChicaoCodes,18
Cerato_cone,Tearing5,27
Cerato_cone,PunkDoDevOps,31
Cerato_cone,primofrances,26
Cerato_cone,purplepizza92,26
danielhe4rt,CinderelaBugada,110
danielhe4rt,pokemaobr,376
danielhe4rt,PachiCodes,148
danielhe4rt,LuisVonMuller,26
danielhe4rt,levxyca,216
danielhe4rt,kastr0walker,17
danielhe4rt,BitToin,41
danielhe4rt,grandedev,183
danielhe4rt,isabellaherman,744
danielhe4rt,aleDsz,78
danielhe4rt,DornellesTv,57
danielhe4rt,teomewhy,221
danielhe4rt,CodigoFalado,359
danielhe4rt,marcobrunodev,1045
danielhe4rt,xDIDAdev,163
danielhe4rt,adorilson,19
danielhe4rt,morgiovanelli,77
danielhe4rt,npxbr,7
danielhe4rt,jp_amis,159
danielhe4rt,rafaballerinii,290
danielhe4rt,julialabs,393
danielhe4rt,little_yuuh,11
danielhe4rt,lluan98,12
danielhe4rt,NadoSeven,14
danielhe4rt,GRSoares,75
danielhe4rt,PaulosmLins,22
danielhe4rt,italojs_,7
danielhe4rt,ChicaoCodes,35
danielhe4rt,Tearing5,70
danielhe4rt,PunkDoDevOps,230
danielhe4rt,primofrances,58
danielhe4rt,purplepizza92,51
CinderelaBugada,pokemaobr,96
CinderelaBugada,PachiCodes,64
CinderelaBugada,LuisVonMuller,17
CinderelaBugada,levxyca,54
CinderelaBugada,kastr0walker,22
CinderelaBugada,BitToin,22
CinderelaBugada,grandedev,48
CinderelaBugada,isabellaherman,75
CinderelaBugada,aleDsz,20
CinderelaBugada,DornellesTv,33
CinderelaBugada,teomewhy,47
CinderelaBugada,CodigoFalado,69
CinderelaBugada,marcobrunodev,120
CinderelaBugada,xDIDAdev,64
CinderelaBugada,adorilson,17
CinderelaBugada,morgiovanelli,40
CinderelaBugada,npxbr,11
CinderelaBugada,jp_amis,69
CinderelaBugada,rafaballerinii,51
CinderelaBugada,julialabs,95
CinderelaBugada,little_yuuh,4
CinderelaBugada,lluan98,8
CinderelaBugada,NadoSeven,13
CinderelaBugada,GRSoares,30
CinderelaBugada,PaulosmLins,18
CinderelaBugada,italojs_,5
CinderelaBugada,ChicaoCodes,24
CinderelaBugada,Tearing5,52
CinderelaBugada,PunkDoDevOps,82
CinderelaBugada,primofrances,34
CinderelaBugada,purplepizza92,57
pokemaobr,PachiCodes,192
pokemaobr,LuisVonMuller,19
pokemaobr,levxyca,184
pokemaobr,kastr0walker,26
pokemaobr,BitToin,40
pokemaobr,grandedev,121
pokemaobr,isabellaherman,218
pokemaobr,aleDsz,37
pokemaobr,DornellesTv,66
pokemaobr,teomewhy,117
pokemaobr,CodigoFalado,189
pokemaobr,marcobrunodev,479
pokemaobr,xDIDAdev,165
pokemaobr,adorilson,22
pokemaobr,morgiovanelli,90
pokemaobr,npxbr,9
pokemaobr,jp_amis,101
pokemaobr,rafaballerinii,178
pokemaobr,julialabs,255
pokemaobr,little_yuuh,8
pokemaobr,lluan98,10
pokemaobr,NadoSeven,15
pokemaobr,GRSoares,57
pokemaobr,PaulosmLins,25
pokemaobr,italojs_,8
pokemaobr,ChicaoCodes,38
pokemaobr,Tearing5,81
pokemaobr,PunkDoDevOps,171
pokemaobr,primofrances,57
pokemaobr,purplepizza92,87
PachiCodes,LuisVonMuller,20
PachiCodes,levxyca,133
PachiCodes,kastr0walker,23
PachiCodes,BitToin,33
PachiCodes,grandedev,73
PachiCodes,isabellaherman,105
PachiCodes,aleDsz,31
PachiCodes,DornellesTv,46
PachiCodes,teomewhy,77
PachiCodes,CodigoFalado,94
PachiCodes,marcobrunodev,189
PachiCodes,xDIDAdev,95
PachiCodes,adorilson,16
PachiCodes,morgiovanelli,72
PachiCodes,npxbr,9
PachiCodes,jp_amis,58
PachiCodes,rafaballerinii,68
PachiCodes,julialabs,146
PachiCodes,little_yuuh,10
PachiCodes,lluan98,9
PachiCodes,NadoSeven,15
PachiCodes,GRSoares,40
PachiCodes,PaulosmLins,21
PachiCodes,italojs_,6
PachiCodes,ChicaoCodes,31
PachiCodes,Tearing5,71
PachiCodes,PunkDoDevOps,104
PachiCodes,primofrances,42
PachiCodes,purplepizza92,63
LuisVonMuller,levxyca,16
LuisVonMuller,kastr0walker,5
LuisVonMuller,BitToin,10
LuisVonMuller,grandedev,18
LuisVonMuller,isabellaherman,15
LuisVonMuller,aleDsz,11
LuisVonMuller,DornellesTv,11
LuisVonMuller,teomewhy,15
LuisVonMuller,CodigoFalado,20
LuisVonMuller,marcobrunodev,26
LuisVonMuller,xDIDAdev,15
LuisVonMuller,adorilson,8
LuisVonMuller,morgiovanelli,14
LuisVonMuller,npxbr,5
LuisVonMuller,jp_amis,15
LuisVonMuller,rafaballerinii,14
LuisVonMuller,julialabs,22
LuisVonMuller,little_yuuh,1
LuisVonMuller,lluan98,6
LuisVonMuller,NadoSeven,8
LuisVonMuller,GRSoares,10
LuisVonMuller,PaulosmLins,6
LuisVonMuller,italojs_,3
LuisVonMuller,ChicaoCodes,6
LuisVonMuller,Tearing5,11
LuisVonMuller,PunkDoDevOps,20
LuisVonMuller,primofrances,12
LuisVonMuller,purplepizza92,12
levxyca,kastr0walker,19
levxyca,BitToin,24
levxyca,grandedev,93
levxyca,isabellaherman,155
levxyca,aleDsz,23
levxyca,DornellesTv,44
levxyca,teomewhy,81
levxyca,CodigoFalado,102
levxyca,marcobrunodev,262
levxyca,xDIDAdev,100
levxyca,adorilson,14
levxyca,morgiovanelli,62
levxyca,npxbr,5
levxyca,jp_amis,63
levxyca,rafaballerinii,90
levxyca,julialabs,154
levxyca,little_yuuh,6
levxyca,lluan98,8
levxyca,NadoSeven,9
levxyca,GRSoares,43
levxyca,PaulosmLins,20
levxyca,italojs_,5
levxyca,ChicaoCodes,31
levxyca,Tearing5,55
levxyca,PunkDoDevOps,105
levxyca,primofrances,42
levxyca,purplepizza92,54
kastr0walker,BitToin,10
kastr0walker,grandedev,13
kastr0walker,isabellaherman,14
kastr0walker,aleDsz,6
kastr0walker,DornellesTv,12
kastr0walker,teomewhy,15
kastr0walker,CodigoFalado,20
kastr0walker,marcobrunodev,25
kastr0walker,xDIDAdev,31
kastr0walker,adorilson,7
kastr0walker,morgiovanelli,23
kastr0walker,npxbr,2
kastr0walker,jp_amis,13
kastr0walker,rafaballerinii,14
kastr0walker,julialabs,28
kastr0walker,little_yuuh,0
kastr0walker,lluan98,4
kastr0walker,NadoSeven,5
kastr0walker,GRSoares,12
kastr0walker,PaulosmLins,10
kastr0walker,italojs_,3
kastr0walker,ChicaoCodes,9
kastr0walker,Tearing5,20
kastr0walker,PunkDoDevOps,24
kastr0walker,primofrances,15
kastr0walker,purplepizza92,24
BitToin,grandedev,32
BitToin,isabellaherman,34
BitToin,aleDsz,11
BitToin,DornellesTv,20
BitToin,teomewhy,24
BitToin,CodigoFalado,22
BitToin,marcobrunodev,37
BitToin,xDIDAdev,31
BitToin,adorilson,11
BitToin,morgiovanelli,17
BitToin,npxbr,7
BitToin,jp_amis,29
BitToin,rafaballerinii,16
BitToin,julialabs,48
BitToin,little_yuuh,1
BitToin,lluan98,10
BitToin,NadoSeven,12
BitToin,GRSoares,17
BitToin,PaulosmLins,13
BitToin,italojs_,4
BitToin,ChicaoCodes,12
BitToin,Tearing5,25
BitToin,PunkDoDevOps,26
BitToin,primofrances,21
BitToin,purplepizza92,18
grandedev,isabellaherman,118
grandedev,aleDsz,27
grandedev,DornellesTv,34
grandedev,teomewhy,54
grandedev,CodigoFalado,85
grandedev,marcobrunodev,198
grandedev,xDIDAdev,75
grandedev,adorilson,15
grandedev,morgiovanelli,39
grandedev,npxbr,9
grandedev,jp_amis,62
grandedev,rafaballerinii,65
grandedev,julialabs,101
grandedev,little_yuuh,7
grandedev,lluan98,10
grandedev,NadoSeven,13
grandedev,GRSoares,49
grandedev,PaulosmLins,21
grandedev,italojs_,7
grandedev,ChicaoCodes,25
grandedev,Tearing5,41
grandedev,PunkDoDevOps,60
grandedev,primofrances,44
grandedev,purplepizza92,32
isabellaherman,aleDsz,39
isabellaherman,DornellesTv,51
isabellaherman,teomewhy,134
isabellaherman,CodigoFalado,207
isabellaherman,marcobrunodev,675
isabellaherman,xDIDAdev,129
isabellaherman,adorilson,15
isabellaherman,morgiovanelli,65
isabellaherman,npxbr,9
isabellaherman,jp_amis,112
isabellaherman,rafaballerinii,239
isabellaherman,julialabs,345
isabellaherman,little_yuuh,9
isabellaherman,lluan98,8
isabellaherman,NadoSeven,13
isabellaherman,GRSoares,53
isabellaherman,PaulosmLins,18
isabellaherman,italojs_,6
isabellaherman,ChicaoCodes,25
isabellaherman,Tearing5,59
isabellaherman,PunkDoDevOps,141
isabellaherman,primofrances,44
isabellaherman,purplepizza92,43
aleDsz,DornellesTv,19
aleDsz,teomewhy,25
aleDsz,CodigoFalado,28
aleDsz,marcobrunodev,54
aleDsz,xDIDAdev,23
aleDsz,adorilson,8
aleDsz,morgiovanelli,19
aleDsz,npxbr,3
aleDsz,jp_amis,22
aleDsz,rafaballerinii,25
aleDsz,julialabs,29
aleDsz,little_yuuh,5
aleDsz,lluan98,4
aleDsz,NadoSeven,6
aleDsz,GRSoares,21
aleDsz,PaulosmLins,4
aleDsz,italojs_,4
aleDsz,ChicaoCodes,8
aleDsz,Tearing5,18
aleDsz,PunkDoDevOps,23
aleDsz,primofrances,16
aleDsz,purplepizza92,14
DornellesTv,teomewhy,32
DornellesTv,CodigoFalado,47
DornellesTv,marcobrunodev,70
DornellesTv,xDIDAdev,51
DornellesTv,adorilson,10
DornellesTv,morgiovanelli,26
DornellesTv,npxbr,5
DornellesTv,jp_amis,29
DornellesTv,rafaballerinii,33
DornellesTv,julialabs,87
DornellesTv,little_yuuh,2
DornellesTv,lluan98,5
DornellesTv,NadoSeven,9
DornellesTv,GRSoares,27
DornellesTv,PaulosmLins,7
DornellesTv,italojs_,5
DornellesTv,ChicaoCodes,15
DornellesTv,Tearing5,35
DornellesTv,PunkDoDevOps,43
DornellesTv,primofrances,23
DornellesTv,purplepizza92,30
teomewhy,CodigoFalado,115
teomewhy,marcobrunodev,255
teomewhy,xDIDAdev,87
teomewhy,adorilson,15
teomewhy,morgiovanelli,53
teomewhy,npxbr,10
teomewhy,jp_amis,61
teomewhy,rafaballerinii,80
teomewhy,julialabs,184
teomewhy,little_yuuh,5
teomewhy,lluan98,9
teomewhy,NadoSeven,13
teomewhy,GRSoares,43
teomewhy,PaulosmLins,13
teomewhy,italojs_,6
teomewhy,ChicaoCodes,26
teomewhy,Tearing5,48
teomewhy,PunkDoDevOps,119
teomewhy,primofrances,32
teomewhy,purplepizza92,38
CodigoFalado,marcobrunodev,471
CodigoFalado,xDIDAdev,116
CodigoFalado,adorilson,15
CodigoFalado,morgiovanelli,63
CodigoFalado,npxbr,9
CodigoFalado,jp_amis,69
CodigoFalado,rafaballerinii,132
CodigoFalado,julialabs,186
CodigoFalado,little_yuuh,5
CodigoFalado,lluan98,11
CodigoFalado,NadoSeven,10
CodigoFalado,GRSoares,48
CodigoFalado,PaulosmLins,14
CodigoFalado,italojs_,7
CodigoFalado,ChicaoCodes,22
CodigoFalado,Tearing5,55
CodigoFalado,PunkDoDevOps,124
CodigoFalado,primofrances,37
CodigoFalado,purplepizza92,55
marcobrunodev,xDIDAdev,225
marcobrunodev,adorilson,23
marcobrunodev,morgiovanelli,144
marcobrunodev,npxbr,11
marcobrunodev,jp_amis,192
marcobrunodev,rafaballerinii,813
marcobrunodev,julialabs,574
marcobrunodev,little_yuuh,13
marcobrunodev,lluan98,12
marcobrunodev,NadoSeven,16
marcobrunodev,GRSoares,102
marcobrunodev,PaulosmLins,27
marcobrunodev,italojs_,7
marcobrunodev,ChicaoCodes,50
marcobrunodev,Tearing5,85
marcobrunodev,PunkDoDevOps,250
marcobrunodev,primofrances,73
marcobrunodev,purplepizza92,73
xDIDAdev,adorilson,16
xDIDAdev,morgiovanelli,57
xDIDAdev,npxbr,11
xDIDAdev,jp_amis,64
xDIDAdev,rafaballerinii,83
xDIDAdev,julialabs,140
xDIDAdev,little_yuuh,9
xDIDAdev,lluan98,11
xDIDAdev,NadoSeven,12
xDIDAdev,GRSoares,54
xDIDAdev,PaulosmLins,20
xDIDAdev,italojs_,8
xDIDAdev,ChicaoCodes,29
xDIDAdev,Tearing5,63
xDIDAdev,PunkDoDevOps,95
xDIDAdev,primofrances,45
xDIDAdev,purplepizza92,71
adorilson,morgiovanelli,8
adorilson,npxbr,3
adorilson,jp_amis,14
adorilson,rafaballerinii,12
adorilson,julialabs,20
adorilson,little_yuuh,0
adorilson,lluan98,3
adorilson,NadoSeven,5
adorilson,GRSoares,11
adorilson,PaulosmLins,7
adorilson,italojs_,4
adorilson,ChicaoCodes,8
adorilson,Tearing5,16
adorilson,PunkDoDevOps,17
adorilson,primofrances,11
adorilson,purplepizza92,13
morgiovanelli,npxbr,8
morgiovanelli,jp_amis,37
morgiovanelli,rafaballerinii,41
morgiovanelli,julialabs,84
morgiovanelli,little_yuuh,2
morgiovanelli,lluan98,8
morgiovanelli,NadoSeven,11
morgiovanelli,GRSoares,23
morgiovanelli,PaulosmLins,16
morgiovanelli,italojs_,4
morgiovanelli,ChicaoCodes,23
morgiovanelli,Tearing5,38
morgiovanelli,PunkDoDevOps,61
morgiovanelli,primofrances,31
morgiovanelli,purplepizza92,43
npxbr,jp_amis,10
npxbr,rafaballerinii,6
npxbr,julialabs,11
npxbr,little_yuuh,1
npxbr,lluan98,3
npxbr,NadoSeven,6
npxbr,GRSoares,7
npxbr,PaulosmLins,4
npxbr,italojs_,3
npxbr,ChicaoCodes,5
npxbr,Tearing5,7
npxbr,PunkDoDevOps,7
npxbr,primofrances,9
npxbr,purplepizza92,9
jp_amis,rafaballerinii,61
jp_amis,julialabs,109
jp_amis,little_yuuh,6
jp_amis,lluan98,11
jp_amis,NadoSeven,15
jp_amis,GRSoares,36
jp_amis,PaulosmLins,18
jp_amis,italojs_,7
jp_amis,ChicaoCodes,22
jp_amis,Tearing5,43
jp_amis,PunkDoDevOps,87
jp_amis,primofrances,43
jp_amis,purplepizza92,32
rafaballerinii,julialabs,225
rafaballerinii,little_yuuh,6
rafaballerinii,lluan98,5
rafaballerinii,NadoSeven,5
rafaballerinii,GRSoares,32
rafaballerinii,PaulosmLins,11
rafaballerinii,italojs_,3
rafaballerinii,ChicaoCodes,18
rafaballerinii,Tearing5,45
rafaballerinii,PunkDoDevOps,91
rafaballerinii,primofrances,23
rafaballerinii,purplepizza92,32
julialabs,little_yuuh,9
julialabs,lluan98,11
julialabs,NadoSeven,16
julialabs,GRSoares,53
julialabs,PaulosmLins,21
julialabs,italojs_,6
julialabs,ChicaoCodes,30
julialabs,Tearing5,124
julialabs,PunkDoDevOps,179
julialabs,primofrances,48
julialabs,purplepizza92,69
little_yuuh,lluan98,1
little_yuuh,NadoSeven,1
little_yuuh,GRSoares,3
little_yuuh,PaulosmLins,1
little_yuuh,italojs_,0
little_yuuh,ChicaoCodes,3
little_yuuh,Tearing5,6
little_yuuh,PunkDoDevOps,7
little_yuuh,primofrances,3
little_yuuh,purplepizza92,3
lluan98,NadoSeven,5
lluan98,GRSoares,5
lluan98,PaulosmLins,6
lluan98,italojs_,2
lluan98,ChicaoCodes,4
lluan98,Tearing5,9
lluan98,PunkDoDevOps,8
lluan98,primofrances,8
lluan98,purplepizza92,7
NadoSeven,GRSoares,10
NadoSeven,PaulosmLins,7
NadoSeven,italojs_,3
NadoSeven,ChicaoCodes,7
NadoSeven,Tearing5,11
NadoSeven,PunkDoDevOps,12
NadoSeven,primofrances,12
NadoSeven,purplepizza92,10
GRSoares,PaulosmLins,13
GRSoares,italojs_,7
GRSoares,ChicaoCodes,18
GRSoares,Tearing5,28
GRSoares,PunkDoDevOps,39
GRSoares,primofrances,35
GRSoares,purplepizza92,28
PaulosmLins,italojs_,2
PaulosmLins,ChicaoCodes,10
PaulosmLins,Tearing5,16
PaulosmLins,PunkDoDevOps,17
PaulosmLins,primofrances,18
PaulosmLins,purplepizza92,14
italojs_,ChicaoCodes,3
italojs_,Tearing5,5
italojs_,PunkDoDevOps,7
italojs_,primofrances,6
italojs_,purplepizza92,7
ChicaoCodes,Tearing5,21
ChicaoCodes,PunkDoDevOps,29
ChicaoCodes,primofrances,19
ChicaoCodes,purplepizza92,22
Tearing5,PunkDoDevOps,63
Tearing5,primofrances,29
Tearing5,purplepizza92,47
PunkDoDevOps,primofrances,41
PunkDoDevOps,purplepizza92,66
primofrances,purplepizza92,28
